Workbook

Sheet Panduan
A1: Template Manajemen Kontrol ISO/IEC 27001:2022 & ISO/IEC 27701:2025
A2: Panduan Penggunaan & Legenda — siap untuk diimpor / diintegrasikan ke aplikasi GRC internal
B4: Tujuan Workbook | C4: Workbook ini adalah data master (single source of truth) status implementasi kontrol ISO/IEC 27001:2022 (Annex A, 93 kontrol) dan ISO/IEC 27701:2025 (Annex A.1 PII Controller/31, A.2 PII Processor/18, A.3 Shared Security/29). Setiap baris pada sheet kontrol adalah satu record yang dapat langsung diimpor (CSV/Excel import) ke aplikasi/GRC-tool untuk membangkitkan laporan monitoring progres.
B5: Struktur Sheet | C5: 1) Panduan — halaman ini. 2) ISO27001-2022 — 93 kontrol. 3) ISO27701-A1_Controller — 31 kontrol. 4) ISO27701-A2_Processor — 18 kontrol. 5) ISO27701-A3_Shared — 29 kontrol. 6) Dashboard — ringkasan & grafik progres otomatis (formula, tidak perlu diisi manual).
B6: Kolom yang BOLEH diedit (kuning) | C6: Berlaku (Y/N), Justifikasi, Status Implementasi, Level Maturity, PIC/Pemilik Kontrol, Bukti/Referensi Dokumen, Target Tanggal, Tanggal Selesai, Prioritas Risiko, Tanggal Review Terakhir/Berikutnya, Catatan. Kolom Progres (%) otomatis mengikuti Status, namun boleh ditimpa manual bila perlu granularitas lebih detail (0-100%).
B7: Kolom yang JANGAN diubah | C7: No, ID Kontrol, Domain/Peran, Klausul/Objektif, Nama Kontrol, Deskripsi Singkat — ini adalah referensi baku struktur standar dan menjadi kunci (key) saat data diimpor ke aplikasi.
B8: Status Implementasi | C8: Belum Dimulai (0%) → Dalam Proses (50%) → Diterapkan (100%) → Tidak Berlaku/N/A (dikecualikan dari SoA, dihitung 100% dari basis yang berlaku).
B9: Level Maturity (0-5) | C9: 0 = Tidak ada · 1 = Ad-hoc/Initial · 2 = Repeatable · 3 = Defined · 4 = Managed & Measurable · 5 = Optimized. Skala ini selaras dengan model maturitas umum (mis. CMMI-like) yang lazim dipakai audit ISO 27001.
B10: Berlaku (Y/N) & Statement of Applicability | C10: Kolom ini merepresentasikan keputusan applicability (SoA). Jika 'Tidak', wajib isi kolom Justifikasi agar siap dipakai sebagai lampiran SoA formal.
B11: Prioritas Risiko | C11: Tinggi/Sedang/Rendah — dipakai aplikasi untuk menyorot kontrol kritikal yang belum diterapkan pada laporan monitoring/eksekutif.
B12: Integrasi ke Aplikasi | C12: Header kolom (baris 4 pada tiap sheet kontrol) didesain sebagai nama field API/database (snake_case dapat dipetakan 1:1). ID Kontrol bersifat unik per standar dan dapat dipakai sebagai primary/foreign key. Sheet Dashboard hanya berisi formula agregasi — aplikasi dapat menghitung ulang metrik yang sama dari data mentah di sheet kontrol.
B13: Update Berkala | C13: Disarankan me-review & memperbarui status minimal setiap bulan (monitoring progres) dan setiap kali ada perubahan bukti/evidence, agar dashboard & laporan PDF yang digenerate aplikasi selalu mencerminkan kondisi terkini.
B14: Catatan Akurasi Standar | C14: Judul & pengelompokan kontrol pada template ini disusun ringkas mengikuti struktur resmi ISO/IEC 27001:2022 dan ISO/IEC 27701:2025 untuk kebutuhan kerja internal, bukan kutipan/salinan redaksi resmi standar. Untuk keperluan sertifikasi/audit resmi, verifikasi ulang terhadap dokumen ISO/IEC 27001:2022 dan ISO/IEC 27701:2025 asli (berbayar, hak cipta ISO/IEC).
A16: Legenda Warna Status
B17: Belum Dimulai
B18: Dalam Proses
B19: Diterapkan
B20: Tidak Berlaku (N/A)
B22: Dibuat: | C22: 08 September 2026
B23: Versi Template: | C23: 1.0

Sheet Dashboard
B1: Dashboard Monitoring Progres — ISO/IEC 27001:2022 & ISO/IEC 27701:2025
B2: Seluruh angka pada sheet ini dihitung otomatis (formula) dari sheet kontrol. Perbarui status di sheet masing-masing standar.
B4: Ringkasan per Standar
B5: Standar / Ruang Lingkup | C5: Total Kontrol | D5: Berlaku (Applicable) | E5: Diterapkan | F5: Dalam Proses | G5: Belum Dimulai | H5: Tidak Berlaku | I5: % Progres (dari yang berlaku)
B6: ISO/IEC 27001:2022 (Annex A) | C6: 93 | D6: =COUNTIF('ISO27001-2022'!$G$5:$G$97,"Ya") -> 93 | E6: =COUNTIF('ISO27001-2022'!$I$5:$I$97,"Diterapkan") -> 0 | F6: =COUNTIF('ISO27001-2022'!$I$5:$I$97,"Dalam Proses") -> 1 | G6: =COUNTIF('ISO27001-2022'!$I$5:$I$97,"Belum Dimulai") -> 92 | H6: =COUNTIF('ISO27001-2022'!$I$5:$I$97,"Tidak Berlaku (N/A)") -> 0 | I6: =IFERROR(E6/MAX(D6,1),0) -> 0
B7: ISO/IEC 27701:2025 - A.1 Controller | C7: 31 | D7: =COUNTIF('ISO27701-A1_Controller'!$G$5:$G$35,"Ya") -> 31 | E7: =COUNTIF('ISO27701-A1_Controller'!$I$5:$I$35,"Diterapkan") -> 0 | F7: =COUNTIF('ISO27701-A1_Controller'!$I$5:$I$35,"Dalam Proses") -> 1 | G7: =COUNTIF('ISO27701-A1_Controller'!$I$5:$I$35,"Belum Dimulai") -> 30 | H7: =COUNTIF('ISO27701-A1_Controller'!$I$5:$I$35,"Tidak Berlaku (N/A)") -> 0 | I7: =IFERROR(E7/MAX(D7,1),0) -> 0
B8: ISO/IEC 27701:2025 - A.2 Processor | C8: 18 | D8: =COUNTIF('ISO27701-A2_Processor'!$G$5:$G$22,"Ya") -> 18 | E8: =COUNTIF('ISO27701-A2_Processor'!$I$5:$I$22,"Diterapkan") -> 0 | F8: =COUNTIF('ISO27701-A2_Processor'!$I$5:$I$22,"Dalam Proses") -> 1 | G8: =COUNTIF('ISO27701-A2_Processor'!$I$5:$I$22,"Belum Dimulai") -> 17 | H8: =COUNTIF('ISO27701-A2_Processor'!$I$5:$I$22,"Tidak Berlaku (N/A)") -> 0 | I8: =IFERROR(E8/MAX(D8,1),0) -> 0
B9: ISO/IEC 27701:2025 - A.3 Shared | C9: 29 | D9: =COUNTIF('ISO27701-A3_Shared'!$G$5:$G$33,"Ya") -> 29 | E9: =COUNTIF('ISO27701-A3_Shared'!$I$5:$I$33,"Diterapkan") -> 0 | F9: =COUNTIF('ISO27701-A3_Shared'!$I$5:$I$33,"Dalam Proses") -> 1 | G9: =COUNTIF('ISO27701-A3_Shared'!$I$5:$I$33,"Belum Dimulai") -> 28 | H9: =COUNTIF('ISO27701-A3_Shared'!$I$5:$I$33,"Tidak Berlaku (N/A)") -> 0 | I9: =IFERROR(E9/MAX(D9,1),0) -> 0
B10: TOTAL GABUNGAN | C10: =SUM(C6:C9) -> 171 | D10: =SUM(D6:D9) -> 171 | E10: =SUM(E6:E9) -> 0 | F10: =SUM(F6:F9) -> 4 | G10: =SUM(G6:G9) -> 167 | H10: =SUM(H6:H9) -> 0 | I10: =IFERROR(E10/MAX(D10,1),0) -> 0
B13: Indikator Utama (Seluruh Standar)
B14: =C10 -> 171 | D14: =D10 -> 171 | F14: =E10 -> 0 | H14: =I10 -> 0
B15: Total Kontrol | D15: Kontrol Berlaku | F15: Sudah Diterapkan | H15: Progres Keseluruhan
B52: Progres per Domain — ISO/IEC 27001:2022
B53: Domain | C53: Total | D53: Diterapkan | E53: Dalam Proses | F53: Belum Dimulai | G53: % Progres
B54: Organisasi | C54: =COUNTIF('ISO27001-2022'!$C$5:$C$97,"Organisasi") -> 37 | D54: =COUNTIFS('ISO27001-2022'!$C$5:$C$97,"Organisasi",'ISO27001-2022'!$I$5:$I$97,"Diterapkan") -> 0 | E54: =COUNTIFS('ISO27001-2022'!$C$5:$C$97,"Organisasi",'ISO27001-2022'!$I$5:$I$97,"Dalam Proses") -> 1 | F54: =COUNTIFS('ISO27001-2022'!$C$5:$C$97,"Organisasi",'ISO27001-2022'!$I$5:$I$97,"Belum Dimulai") -> 36 | G54: =IFERROR(D54/MAX(C54,1),0) -> 0
B55: SDM | C55: =COUNTIF('ISO27001-2022'!$C$5:$C$97,"SDM") -> 8 | D55: =COUNTIFS('ISO27001-2022'!$C$5:$C$97,"SDM",'ISO27001-2022'!$I$5:$I$97,"Diterapkan") -> 0 | E55: =COUNTIFS('ISO27001-2022'!$C$5:$C$97,"SDM",'ISO27001-2022'!$I$5:$I$97,"Dalam Proses") -> 0 | F55: =COUNTIFS('ISO27001-2022'!$C$5:$C$97,"SDM",'ISO27001-2022'!$I$5:$I$97,"Belum Dimulai") -> 8 | G55: =IFERROR(D55/MAX(C55,1),0) -> 0
B56: Fisik | C56: =COUNTIF('ISO27001-2022'!$C$5:$C$97,"Fisik") -> 14 | D56: =COUNTIFS('ISO27001-2022'!$C$5:$C$97,"Fisik",'ISO27001-2022'!$I$5:$I$97,"Diterapkan") -> 0 | E56: =COUNTIFS('ISO27001-2022'!$C$5:$C$97,"Fisik",'ISO27001-2022'!$I$5:$I$97,"Dalam Proses") -> 0 | F56: =COUNTIFS('ISO27001-2022'!$C$5:$C$97,"Fisik",'ISO27001-2022'!$I$5:$I$97,"Belum Dimulai") -> 14 | G56: =IFERROR(D56/MAX(C56,1),0) -> 0
B57: Teknologi | C57: =COUNTIF('ISO27001-2022'!$C$5:$C$97,"Teknologi") -> 34 | D57: =COUNTIFS('ISO27001-2022'!$C$5:$C$97,"Teknologi",'ISO27001-2022'!$I$5:$I$97,"Diterapkan") -> 0 | E57: =COUNTIFS('ISO27001-2022'!$C$5:$C$97,"Teknologi",'ISO27001-2022'!$I$5:$I$97,"Dalam Proses") -> 0 | F57: =COUNTIFS('ISO27001-2022'!$C$5:$C$97,"Teknologi",'ISO27001-2022'!$I$5:$I$97,"Belum Dimulai") -> 34 | G57: =IFERROR(D57/MAX(C57,1),0) -> 0

Sheet ISO27001-2022
A1: Manajemen Kontrol — ISO/IEC 27001:2022 — Annex A (93 Kontrol)
A2: Sheet siap-import: setiap baris = satu record kontrol. Isi hanya kolom berwarna kuning (G, I-Q). Jangan mengubah kolom A-F.
A4: No | B4: ID Kontrol | C4: Domain / Peran | D4: Klausul / Objektif | E4: Nama Kontrol | F4: Deskripsi Singkat | G4: Berlaku (Y/N) | H4: Justifikasi bila Tidak Berlaku | I4: Status Implementasi | J4: Level Maturity (0-5) | K4: Progres (%) | L4: PIC / Pemilik Kontrol | M4: Bukti / Referensi Dokumen | N4: Target Tanggal | O4: Tanggal Selesai | P4: Prioritas Risiko | Q4: Tanggal Review Terakhir | R4: Tanggal Review Berikutnya | S4: Catatan
A5: 1 | B5: A.5.1 | C5: Organisasi | D5: Kebijakan Keamanan Informasi | E5: Kebijakan keamanan informasi | F5: Menetapkan, menyetujui, dan mengomunikasikan kebijakan keamanan informasi serta kebijakan turunannya. | G5: Ya | I5: Dalam Proses | J5: 3 | K5: =IF(OR(I5="Diterapkan",I5="Tidak Berlaku (N/A)"),1,IF(I5="Dalam Proses",0.5,0)) -> 0.5 | L5: Nama PIC (mis. IT Security Manager) | M5: Link/No. dokumen SOP terkait | N5: 46333 | P5: Tinggi | Q5: 46243 | R5: 46423 | S5: Contoh catatan: draft kebijakan sudah direview, menunggu approval CISO.
A6: 2 | B6: A.5.2 | C6: Organisasi | D6: Peran & Tanggung Jawab | E6: Peran dan tanggung jawab keamanan informasi | F6: Mendefinisikan dan mengalokasikan peran serta tanggung jawab keamanan informasi di organisasi. | G6: Ya | I6: Belum Dimulai | J6: 0 | K6: =IF(OR(I6="Diterapkan",I6="Tidak Berlaku (N/A)"),1,IF(I6="Dalam Proses",0.5,0)) -> 0 | P6: Sedang
A7: 3 | B7: A.5.3 | C7: Organisasi | D7: Peran & Tanggung Jawab | E7: Pemisahan tugas (segregation of duties) | F7: Memisahkan tugas dan area tanggung jawab yang saling bertentangan untuk mengurangi risiko. | G7: Ya | I7: Belum Dimulai | J7: 0 | K7: =IF(OR(I7="Diterapkan",I7="Tidak Berlaku (N/A)"),1,IF(I7="Dalam Proses",0.5,0)) -> 0 | P7: Sedang
A8: 4 | B8: A.5.4 | C8: Organisasi | D8: Tanggung Jawab Manajemen | E8: Tanggung jawab manajemen | F8: Manajemen mensyaratkan seluruh personel menerapkan keamanan informasi sesuai kebijakan. | G8: Ya | I8: Belum Dimulai | J8: 0 | K8: =IF(OR(I8="Diterapkan",I8="Tidak Berlaku (N/A)"),1,IF(I8="Dalam Proses",0.5,0)) -> 0 | P8: Sedang
A9: 5 | B9: A.5.5 | C9: Organisasi | D9: Kontak Otoritas | E9: Kontak dengan otoritas | F9: Menjaga kontak yang sesuai dengan otoritas terkait (regulator, penegak hukum, dll). | G9: Ya | I9: Belum Dimulai | J9: 0 | K9: =IF(OR(I9="Diterapkan",I9="Tidak Berlaku (N/A)"),1,IF(I9="Dalam Proses",0.5,0)) -> 0 | P9: Sedang
A10: 6 | B10: A.5.6 | C10: Organisasi | D10: Kontak Kelompok Khusus | E10: Kontak dengan kelompok/forum minat khusus | F10: Menjaga kontak dengan forum keamanan dan asosiasi profesional terkait. | G10: Ya | I10: Belum Dimulai | J10: 0 | K10: =IF(OR(I10="Diterapkan",I10="Tidak Berlaku (N/A)"),1,IF(I10="Dalam Proses",0.5,0)) -> 0 | P10: Sedang
A11: 7 | B11: A.5.7 | C11: Organisasi | D11: Threat Intelligence | E11: Intelijen ancaman (threat intelligence) | F11: Mengumpulkan dan menganalisis informasi ancaman untuk mitigasi risiko. | G11: Ya | I11: Belum Dimulai | J11: 0 | K11: =IF(OR(I11="Diterapkan",I11="Tidak Berlaku (N/A)"),1,IF(I11="Dalam Proses",0.5,0)) -> 0 | P11: Sedang
A12: 8 | B12: A.5.8 | C12: Organisasi | D12: Manajemen Proyek | E12: Keamanan informasi dalam manajemen proyek | F12: Mengintegrasikan keamanan informasi ke dalam manajemen proyek. | G12: Ya | I12: Belum Dimulai | J12: 0 | K12: =IF(OR(I12="Diterapkan",I12="Tidak Berlaku (N/A)"),1,IF(I12="Dalam Proses",0.5,0)) -> 0 | P12: Sedang
A13: 9 | B13: A.5.9 | C13: Organisasi | D13: Manajemen Aset | E13: Inventaris informasi dan aset terkait | F13: Menyusun dan memelihara inventaris informasi serta aset pendukungnya. | G13: Ya | I13: Belum Dimulai | J13: 0 | K13: =IF(OR(I13="Diterapkan",I13="Tidak Berlaku (N/A)"),1,IF(I13="Dalam Proses",0.5,0)) -> 0 | P13: Sedang
A14: 10 | B14: A.5.10 | C14: Organisasi | D14: Manajemen Aset | E14: Penggunaan aset yang dapat diterima (acceptable use) | F14: Menetapkan aturan penggunaan informasi dan aset yang dapat diterima. | G14: Ya | I14: Belum Dimulai | J14: 0 | K14: =IF(OR(I14="Diterapkan",I14="Tidak Berlaku (N/A)"),1,IF(I14="Dalam Proses",0.5,0)) -> 0 | P14: Sedang
A15: 11 | B15: A.5.11 | C15: Organisasi | D15: Manajemen Aset | E15: Pengembalian aset | F15: Memastikan aset dikembalikan saat perubahan/pemutusan hubungan kerja. | G15: Ya | I15: Belum Dimulai | J15: 0 | K15: =IF(OR(I15="Diterapkan",I15="Tidak Berlaku (N/A)"),1,IF(I15="Dalam Proses",0.5,0)) -> 0 | P15: Sedang
A16: 12 | B16: A.5.12 | C16: Organisasi | D16: Klasifikasi Informasi | E16: Klasifikasi informasi | F16: Mengklasifikasikan informasi berdasarkan kebutuhan kerahasiaan, integritas, ketersediaan. | G16: Ya | I16: Belum Dimulai | J16: 0 | K16: =IF(OR(I16="Diterapkan",I16="Tidak Berlaku (N/A)"),1,IF(I16="Dalam Proses",0.5,0)) -> 0 | P16: Sedang
A17: 13 | B17: A.5.13 | C17: Organisasi | D17: Klasifikasi Informasi | E17: Pelabelan informasi | F17: Mengembangkan dan menerapkan prosedur pelabelan informasi sesuai klasifikasi. | G17: Ya | I17: Belum Dimulai | J17: 0 | K17: =IF(OR(I17="Diterapkan",I17="Tidak Berlaku (N/A)"),1,IF(I17="Dalam Proses",0.5,0)) -> 0 | P17: Sedang
... A97: 93 | B97: A.8.34 | C97: Teknologi | D97: Audit | E97: Perlindungan sistem informasi selama pengujian audit | F97: Merencanakan dan menyepakati pengujian audit untuk meminimalkan gangguan operasional. | G97: Ya | I97: Belum Dimulai | J97: 0 | K97: =IF(OR(I97="Diterapkan",I97="Tidak Berlaku (N/A)"),1,IF(I97="Dalam Proses",0.5,0)) -> 0 | P97: Sedang

Sheet ISO27701-A1_Controller
A1: Manajemen Kontrol — ISO/IEC 27701:2025 — Annex A.1 PII Controller (31 Kontrol)
A2: Sheet siap-import: setiap baris = satu record kontrol. Isi hanya kolom berwarna kuning (G, I-Q). Jangan mengubah kolom A-F.
A4: No | B4: ID Kontrol | C4: Domain / Peran | D4: Klausul / Objektif | E4: Nama Kontrol | F4: Deskripsi Singkat | G4: Berlaku (Y/N) | H4: Justifikasi bila Tidak Berlaku | I4: Status Implementasi | J4: Level Maturity (0-5) | K4: Progres (%) | L4: PIC / Pemilik Kontrol | M4: Bukti / Referensi Dokumen | N4: Target Tanggal | O4: Tanggal Selesai | P4: Prioritas Risiko | Q4: Tanggal Review Terakhir | R4: Tanggal Review Berikutnya | S4: Catatan
A5: 1 | B5: A.1.2.2 | C5: PII Controller | D5: Kondisi Pengumpulan & Pemrosesan | E5: Identifikasi dan dokumentasi tujuan pemrosesan | F5: Mengidentifikasi dan mendokumentasikan tujuan pemrosesan PII. | G5: Ya | I5: Dalam Proses | J5: 3 | K5: =IF(OR(I5="Diterapkan",I5="Tidak Berlaku (N/A)"),1,IF(I5="Dalam Proses",0.5,0)) -> 0.5 | L5: Nama PIC (mis. IT Security Manager) | M5: Link/No. dokumen SOP terkait | N5: 46333 | P5: Tinggi | Q5: 46243 | R5: 46423 | S5: Contoh catatan: draft kebijakan sudah direview, menunggu approval CISO.
A6: 2 | B6: A.1.2.3 | C6: PII Controller | D6: Kondisi Pengumpulan & Pemrosesan | E6: Identifikasi dasar hukum (lawful basis) | F6: Mengidentifikasi dan mendokumentasikan dasar hukum pemrosesan PII. | G6: Ya | I6: Belum Dimulai | J6: 0 | K6: =IF(OR(I6="Diterapkan",I6="Tidak Berlaku (N/A)"),1,IF(I6="Dalam Proses",0.5,0)) -> 0 | P6: Sedang
A7: 3 | B7: A.1.2.4 | C7: PII Controller | D7: Kondisi Pengumpulan & Pemrosesan | E7: Penentuan kapan & bagaimana persetujuan diperoleh | F7: Menentukan kapan dan bagaimana consent perlu diperoleh dari PII principal. | G7: Ya | I7: Belum Dimulai | J7: 0 | K7: =IF(OR(I7="Diterapkan",I7="Tidak Berlaku (N/A)"),1,IF(I7="Dalam Proses",0.5,0)) -> 0 | P7: Sedang
A8: 4 | B8: A.1.2.5 | C8: PII Controller | D8: Kondisi Pengumpulan & Pemrosesan | E8: Perolehan dan pencatatan persetujuan (consent) | F8: Memperoleh dan mencatat persetujuan PII principal sesuai kebutuhan. | G8: Ya | I8: Belum Dimulai | J8: 0 | K8: =IF(OR(I8="Diterapkan",I8="Tidak Berlaku (N/A)"),1,IF(I8="Dalam Proses",0.5,0)) -> 0 | P8: Sedang
A9: 5 | B9: A.1.2.6 | C9: PII Controller | D9: Kondisi Pengumpulan & Pemrosesan | E9: Penilaian dampak privasi (PIA) | F9: Melakukan Privacy Impact Assessment atas pemrosesan PII berisiko. | G9: Ya | I9: Belum Dimulai | J9: 0 | K9: =IF(OR(I9="Diterapkan",I9="Tidak Berlaku (N/A)"),1,IF(I9="Dalam Proses",0.5,0)) -> 0 | P9: Sedang
A10: 6 | B10: A.1.2.7 | C10: PII Controller | D10: Kondisi Pengumpulan & Pemrosesan | E10: Kontrak dengan PII processor | F10: Menetapkan klausul perlindungan PII dalam kontrak dengan PII processor. | G10: Ya | I10: Belum Dimulai | J10: 0 | K10: =IF(OR(I10="Diterapkan",I10="Tidak Berlaku (N/A)"),1,IF(I10="Dalam Proses",0.5,0)) -> 0 | P10: Sedang
A11: 7 | B11: A.1.2.8 | C11: PII Controller | D11: Kondisi Pengumpulan & Pemrosesan | E11: Pengaturan joint PII controller | F11: Menetapkan tanggung jawab yang jelas antar joint controller. | G11: Ya | I11: Belum Dimulai | J11: 0 | K11: =IF(OR(I11="Diterapkan",I11="Tidak Berlaku (N/A)"),1,IF(I11="Dalam Proses",0.5,0)) -> 0 | P11: Sedang
A12: 8 | B12: A.1.2.9 | C12: PII Controller | D12: Kondisi Pengumpulan & Pemrosesan | E12: Catatan pemrosesan PII (records of processing) | F12: Memelihara catatan aktivitas pemrosesan PII sebagai controller. | G12: Ya | I12: Belum Dimulai | J12: 0 | K12: =IF(OR(I12="Diterapkan",I12="Tidak Berlaku (N/A)"),1,IF(I12="Dalam Proses",0.5,0)) -> 0 | P12: Sedang
A13: 9 | B13: A.1.3.2 | C13: PII Controller | D13: Kewajiban ke PII Principal | E13: Transparansi kewajiban ke PII principal | F13: Menentukan dan memenuhi kewajiban transparansi kepada PII principal. | G13: Ya | I13: Belum Dimulai | J13: 0 | K13: =IF(OR(I13="Diterapkan",I13="Tidak Berlaku (N/A)"),1,IF(I13="Dalam Proses",0.5,0)) -> 0 | P13: Sedang
A14: 10 | B14: A.1.3.3 | C14: PII Controller | D14: Kewajiban ke PII Principal | E14: Penyediaan informasi kepada PII principal | F14: Menyediakan informasi pemrosesan PII yang jelas kepada PII principal. | G14: Ya | I14: Belum Dimulai | J14: 0 | K14: =IF(OR(I14="Diterapkan",I14="Tidak Berlaku (N/A)"),1,IF(I14="Dalam Proses",0.5,0)) -> 0 | P14: Sedang
A15: 11 | B15: A.1.3.4 | C15: PII Controller | D15: Kewajiban ke PII Principal | E15: Mekanisme modifikasi/penarikan persetujuan | F15: Menyediakan mekanisme bagi PII principal untuk mengubah/menarik consent. | G15: Ya | I15: Belum Dimulai | J15: 0 | K15: =IF(OR(I15="Diterapkan",I15="Tidak Berlaku (N/A)"),1,IF(I15="Dalam Proses",0.5,0)) -> 0 | P15: Sedang
A16: 12 | B16: A.1.3.5 | C16: PII Controller | D16: Kewajiban ke PII Principal | E16: Mekanisme keberatan (objection) atas pemrosesan | F16: Menyediakan mekanisme bagi PII principal untuk mengajukan keberatan. | G16: Ya | I16: Belum Dimulai | J16: 0 | K16: =IF(OR(I16="Diterapkan",I16="Tidak Berlaku (N/A)"),1,IF(I16="Dalam Proses",0.5,0)) -> 0 | P16: Sedang
A17: 13 | B17: A.1.3.6 | C17: PII Controller | D17: Kewajiban ke PII Principal | E17: Pengambilan keputusan otomatis (automated decision) | F17: Mengelola kontrol atas keputusan otomatis yang berdampak pada PII principal. | G17: Ya | I17: Belum Dimulai | J17: 0 | K17: =IF(OR(I17="Diterapkan",I17="Tidak Berlaku (N/A)"),1,IF(I17="Dalam Proses",0.5,0)) -> 0 | P17: Sedang
... A35: 31 | B35: A.1.5.5 | C35: PII Controller | D35: Sharing, Transfer & Disclosure | E35: Catatan pengungkapan (disclosure) PII ke pihak ketiga | F35: Memelihara catatan pengungkapan PII kepada pihak ketiga. | G35: Ya | I35: Belum Dimulai | J35: 0 | K35: =IF(OR(I35="Diterapkan",I35="Tidak Berlaku (N/A)"),1,IF(I35="Dalam Proses",0.5,0)) -> 0 | P35: Sedang

Sheet ISO27701-A2_Processor
A1: Manajemen Kontrol — ISO/IEC 27701:2025 — Annex A.2 PII Processor (18 Kontrol)
A2: Sheet siap-import: setiap baris = satu record kontrol. Isi hanya kolom berwarna kuning (G, I-Q). Jangan mengubah kolom A-F.
A4: No | B4: ID Kontrol | C4: Domain / Peran | D4: Klausul / Objektif | E4: Nama Kontrol | F4: Deskripsi Singkat | G4: Berlaku (Y/N) | H4: Justifikasi bila Tidak Berlaku | I4: Status Implementasi | J4: Level Maturity (0-5) | K4: Progres (%) | L4: PIC / Pemilik Kontrol | M4: Bukti / Referensi Dokumen | N4: Target Tanggal | O4: Tanggal Selesai | P4: Prioritas Risiko | Q4: Tanggal Review Terakhir | R4: Tanggal Review Berikutnya | S4: Catatan
A5: 1 | B5: A.2.2.2 | C5: PII Processor | D5: Kondisi Pengumpulan & Pemrosesan | E5: Perjanjian dengan pelanggan (customer agreement) | F5: Menetapkan perjanjian pemrosesan PII dengan pelanggan/PII controller. | G5: Ya | I5: Dalam Proses | J5: 3 | K5: =IF(OR(I5="Diterapkan",I5="Tidak Berlaku (N/A)"),1,IF(I5="Dalam Proses",0.5,0)) -> 0.5 | L5: Nama PIC (mis. IT Security Manager) | M5: Link/No. dokumen SOP terkait | N5: 46333 | P5: Tinggi | Q5: 46243 | R5: 46423 | S5: Contoh catatan: draft kebijakan sudah direview, menunggu approval CISO.
A6: 2 | B6: A.2.2.3 | C6: PII Processor | D6: Kondisi Pengumpulan & Pemrosesan | E6: Pemrosesan sesuai tujuan organisasi | F6: Memproses PII hanya sesuai instruksi dan tujuan yang disepakati controller. | G6: Ya | I6: Belum Dimulai | J6: 0 | K6: =IF(OR(I6="Diterapkan",I6="Tidak Berlaku (N/A)"),1,IF(I6="Dalam Proses",0.5,0)) -> 0 | P6: Sedang
A7: 3 | B7: A.2.2.4 | C7: PII Processor | D7: Kondisi Pengumpulan & Pemrosesan | E7: Pembatasan pemasaran dan iklan | F7: Membatasi penggunaan PII untuk keperluan pemasaran/iklan tanpa otorisasi. | G7: Ya | I7: Belum Dimulai | J7: 0 | K7: =IF(OR(I7="Diterapkan",I7="Tidak Berlaku (N/A)"),1,IF(I7="Dalam Proses",0.5,0)) -> 0 | P7: Sedang
A8: 4 | B8: A.2.2.5 | C8: PII Processor | D8: Kondisi Pengumpulan & Pemrosesan | E8: Instruksi yang melanggar (infringing instruction) | F8: Menginformasikan controller bila instruksi pemrosesan melanggar ketentuan. | G8: Ya | I8: Belum Dimulai | J8: 0 | K8: =IF(OR(I8="Diterapkan",I8="Tidak Berlaku (N/A)"),1,IF(I8="Dalam Proses",0.5,0)) -> 0 | P8: Sedang
A9: 5 | B9: A.2.2.6 | C9: PII Processor | D9: Kondisi Pengumpulan & Pemrosesan | E9: Kewajiban kepada pelanggan (customer obligations) | F9: Memenuhi kewajiban kontraktual kepada pelanggan terkait pemrosesan PII. | G9: Ya | I9: Belum Dimulai | J9: 0 | K9: =IF(OR(I9="Diterapkan",I9="Tidak Berlaku (N/A)"),1,IF(I9="Dalam Proses",0.5,0)) -> 0 | P9: Sedang
A10: 6 | B10: A.2.2.7 | C10: PII Processor | D10: Kondisi Pengumpulan & Pemrosesan | E10: Catatan terkait pemrosesan PII | F10: Memelihara catatan aktivitas pemrosesan PII sebagai processor. | G10: Ya | I10: Belum Dimulai | J10: 0 | K10: =IF(OR(I10="Diterapkan",I10="Tidak Berlaku (N/A)"),1,IF(I10="Dalam Proses",0.5,0)) -> 0 | P10: Sedang
A11: 7 | B11: A.2.3.2 | C11: PII Processor | D11: Kewajiban ke PII Principal | E11: Dukungan kewajiban ke PII principal | F11: Membantu controller memenuhi permintaan/hak PII principal. | G11: Ya | I11: Belum Dimulai | J11: 0 | K11: =IF(OR(I11="Diterapkan",I11="Tidak Berlaku (N/A)"),1,IF(I11="Dalam Proses",0.5,0)) -> 0 | P11: Sedang
A12: 8 | B12: A.2.4.2 | C12: PII Processor | D12: Privacy by Design & Default | E12: Pengelolaan file sementara (temporary files) | F12: Mengelola dan menghapus file sementara yang berisi PII. | G12: Ya | I12: Belum Dimulai | J12: 0 | K12: =IF(OR(I12="Diterapkan",I12="Tidak Berlaku (N/A)"),1,IF(I12="Dalam Proses",0.5,0)) -> 0 | P12: Sedang
A13: 9 | B13: A.2.4.3 | C13: PII Processor | D13: Privacy by Design & Default | E13: Pengembalian, transfer atau disposal PII | F13: Mengembalikan, mentransfer, atau memusnahkan PII di akhir layanan. | G13: Ya | I13: Belum Dimulai | J13: 0 | K13: =IF(OR(I13="Diterapkan",I13="Tidak Berlaku (N/A)"),1,IF(I13="Dalam Proses",0.5,0)) -> 0 | P13: Sedang
A14: 10 | B14: A.2.4.4 | C14: PII Processor | D14: Privacy by Design & Default | E14: Kontrol transmisi PII | F14: Melindungi PII selama proses transmisi/pengiriman data. | G14: Ya | I14: Belum Dimulai | J14: 0 | K14: =IF(OR(I14="Diterapkan",I14="Tidak Berlaku (N/A)"),1,IF(I14="Dalam Proses",0.5,0)) -> 0 | P14: Sedang
A15: 11 | B15: A.2.5.2 | C15: PII Processor | D15: Sharing, Transfer & Disclosure | E15: Dasar transfer PII lintas yurisdiksi | F15: Mengidentifikasi dasar hukum untuk transfer PII antar yurisdiksi. | G15: Ya | I15: Belum Dimulai | J15: 0 | K15: =IF(OR(I15="Diterapkan",I15="Tidak Berlaku (N/A)"),1,IF(I15="Dalam Proses",0.5,0)) -> 0 | P15: Sedang
A16: 12 | B16: A.2.5.3 | C16: PII Processor | D16: Sharing, Transfer & Disclosure | E16: Negara/organisasi tujuan transfer PII | F16: Mendokumentasikan negara/organisasi internasional tujuan transfer PII. | G16: Ya | I16: Belum Dimulai | J16: 0 | K16: =IF(OR(I16="Diterapkan",I16="Tidak Berlaku (N/A)"),1,IF(I16="Dalam Proses",0.5,0)) -> 0 | P16: Sedang
A17: 13 | B17: A.2.5.4 | C17: PII Processor | D17: Sharing, Transfer & Disclosure | E17: Catatan pengungkapan PII ke pihak ketiga | F17: Memelihara catatan pengungkapan PII kepada pihak ketiga. | G17: Ya | I17: Belum Dimulai | J17: 0 | K17: =IF(OR(I17="Diterapkan",I17="Tidak Berlaku (N/A)"),1,IF(I17="Dalam Proses",0.5,0)) -> 0 | P17: Sedang
... A22: 18 | B22: A.2.5.9 | C22: PII Processor | D22: Sharing, Transfer & Disclosure | E22: Perubahan subkontraktor pemrosesan PII | F22: Mengelola dan menotifikasi perubahan subkontraktor pemrosesan PII. | G22: Ya | I22: Belum Dimulai | J22: 0 | K22: =IF(OR(I22="Diterapkan",I22="Tidak Berlaku (N/A)"),1,IF(I22="Dalam Proses",0.5,0)) -> 0 | P22: Sedang

Sheet ISO27701-A3_Shared
A1: Manajemen Kontrol — ISO/IEC 27701:2025 — Annex A.3 Shared Security Controls (29 Kontrol)
A2: Sheet siap-import: setiap baris = satu record kontrol. Isi hanya kolom berwarna kuning (G, I-Q). Jangan mengubah kolom A-F.
A4: No | B4: ID Kontrol | C4: Domain / Peran | D4: Klausul / Objektif | E4: Nama Kontrol | F4: Deskripsi Singkat | G4: Berlaku (Y/N) | H4: Justifikasi bila Tidak Berlaku | I4: Status Implementasi | J4: Level Maturity (0-5) | K4: Progres (%) | L4: PIC / Pemilik Kontrol | M4: Bukti / Referensi Dokumen | N4: Target Tanggal | O4: Tanggal Selesai | P4: Prioritas Risiko | Q4: Tanggal Review Terakhir | R4: Tanggal Review Berikutnya | S4: Catatan
A5: 1 | B5: A.3.3 | C5: Shared (Controller & Processor) | D5: Keamanan Informasi Umum | E5: Kebijakan keamanan informasi | F5: Menetapkan, menyetujui, dan mengomunikasikan kebijakan keamanan informasi terkait PII. | G5: Ya | I5: Dalam Proses | J5: 3 | K5: =IF(OR(I5="Diterapkan",I5="Tidak Berlaku (N/A)"),1,IF(I5="Dalam Proses",0.5,0)) -> 0.5 | L5: Nama PIC (mis. IT Security Manager) | M5: Link/No. dokumen SOP terkait | N5: 46333 | P5: Tinggi | Q5: 46243 | R5: 46423 | S5: Contoh catatan: draft kebijakan sudah direview, menunggu approval CISO.
A6: 2 | B6: A.3.4 | C6: Shared (Controller & Processor) | D6: Keamanan Informasi Umum | E6: Peran dan tanggung jawab | F6: Mendefinisikan peran dan tanggung jawab keamanan informasi terkait PII. | G6: Ya | I6: Belum Dimulai | J6: 0 | K6: =IF(OR(I6="Diterapkan",I6="Tidak Berlaku (N/A)"),1,IF(I6="Dalam Proses",0.5,0)) -> 0 | P6: Sedang
A7: 3 | B7: A.3.5 | C7: Shared (Controller & Processor) | D7: Keamanan Informasi Umum | E7: Kontak dengan otoritas | F7: Menjaga kontak dengan otoritas terkait perlindungan data. | G7: Ya | I7: Belum Dimulai | J7: 0 | K7: =IF(OR(I7="Diterapkan",I7="Tidak Berlaku (N/A)"),1,IF(I7="Dalam Proses",0.5,0)) -> 0 | P7: Sedang
A8: 4 | B8: A.3.6 | C8: Shared (Controller & Processor) | D8: Keamanan Informasi Umum | E8: Intelijen ancaman | F8: Mengumpulkan dan menganalisis informasi ancaman relevan terhadap PII. | G8: Ya | I8: Belum Dimulai | J8: 0 | K8: =IF(OR(I8="Diterapkan",I8="Tidak Berlaku (N/A)"),1,IF(I8="Dalam Proses",0.5,0)) -> 0 | P8: Sedang
A9: 5 | B9: A.3.7 | C9: Shared (Controller & Processor) | D9: SDM | E9: Penyaringan (screening) | F9: Melakukan pemeriksaan latar belakang personel yang mengakses PII. | G9: Ya | I9: Belum Dimulai | J9: 0 | K9: =IF(OR(I9="Diterapkan",I9="Tidak Berlaku (N/A)"),1,IF(I9="Dalam Proses",0.5,0)) -> 0 | P9: Sedang
A10: 6 | B10: A.3.8 | C10: Shared (Controller & Processor) | D10: SDM | E10: Kesadaran, edukasi dan pelatihan | F10: Memberikan pelatihan privasi dan keamanan informasi secara berkala. | G10: Ya | I10: Belum Dimulai | J10: 0 | K10: =IF(OR(I10="Diterapkan",I10="Tidak Berlaku (N/A)"),1,IF(I10="Dalam Proses",0.5,0)) -> 0 | P10: Sedang
A11: 7 | B11: A.3.9 | C11: Shared (Controller & Processor) | D11: SDM | E11: Proses disipliner | F11: Menetapkan proses disipliner atas pelanggaran terkait perlindungan PII. | G11: Ya | I11: Belum Dimulai | J11: 0 | K11: =IF(OR(I11="Diterapkan",I11="Tidak Berlaku (N/A)"),1,IF(I11="Dalam Proses",0.5,0)) -> 0 | P11: Sedang
A12: 8 | B12: A.3.10 | C12: Shared (Controller & Processor) | D12: SDM | E12: Kerja jarak jauh (remote working) | F12: Menerapkan langkah keamanan PII saat bekerja dari lokasi jarak jauh. | G12: Ya | I12: Belum Dimulai | J12: 0 | K12: =IF(OR(I12="Diterapkan",I12="Tidak Berlaku (N/A)"),1,IF(I12="Dalam Proses",0.5,0)) -> 0 | P12: Sedang
A13: 9 | B13: A.3.11 | C13: Shared (Controller & Processor) | D13: SDM | E13: Pelaporan kejadian keamanan informasi | F13: Menyediakan mekanisme pelaporan kejadian yang berdampak pada PII. | G13: Ya | I13: Belum Dimulai | J13: 0 | K13: =IF(OR(I13="Diterapkan",I13="Tidak Berlaku (N/A)"),1,IF(I13="Dalam Proses",0.5,0)) -> 0 | P13: Sedang
A14: 10 | B14: A.3.12 | C14: Shared (Controller & Processor) | D14: Manajemen Aset | E14: Inventaris aset informasi | F14: Menyusun dan memelihara inventaris aset yang memproses/menyimpan PII. | G14: Ya | I14: Belum Dimulai | J14: 0 | K14: =IF(OR(I14="Diterapkan",I14="Tidak Berlaku (N/A)"),1,IF(I14="Dalam Proses",0.5,0)) -> 0 | P14: Sedang
A15: 11 | B15: A.3.13 | C15: Shared (Controller & Processor) | D15: Manajemen Aset | E15: Penggunaan aset yang dapat diterima | F15: Menetapkan aturan penggunaan aset yang memproses PII. | G15: Ya | I15: Belum Dimulai | J15: 0 | K15: =IF(OR(I15="Diterapkan",I15="Tidak Berlaku (N/A)"),1,IF(I15="Dalam Proses",0.5,0)) -> 0 | P15: Sedang
A16: 12 | B16: A.3.14 | C16: Shared (Controller & Processor) | D16: Manajemen Aset | E16: Klasifikasi informasi | F16: Mengklasifikasikan informasi termasuk PII berdasarkan sensitivitasnya. | G16: Ya | I16: Belum Dimulai | J16: 0 | K16: =IF(OR(I16="Diterapkan",I16="Tidak Berlaku (N/A)"),1,IF(I16="Dalam Proses",0.5,0)) -> 0 | P16: Sedang
A17: 13 | B17: A.3.15 | C17: Shared (Controller & Processor) | D17: Kontrol Akses | E17: Kontrol akses | F17: Menetapkan aturan kontrol akses terhadap sistem yang memproses PII. | G17: Ya | I17: Belum Dimulai | J17: 0 | K17: =IF(OR(I17="Diterapkan",I17="Tidak Berlaku (N/A)"),1,IF(I17="Dalam Proses",0.5,0)) -> 0 | P17: Sedang
... A33: 29 | B33: A.3.31 | C33: Shared (Controller & Processor) | D33: Operasional | E33: Logging dan monitoring | F33: Menghasilkan dan memantau log aktivitas pada sistem yang memproses PII. | G33: Ya | I33: Belum Dimulai | J33: 0 | K33: =IF(OR(I33="Diterapkan",I33="Tidak Berlaku (N/A)"),1,IF(I33="Dalam Proses",0.5,0)) -> 0 | P33: Sedang
